ID,Fecha,Prueba,Storage,Medicion,Throughput_MB_s
1,11/16/2024,Prueba-1,RAID-0,SEQ1M Q8T1 Read,167.61
2,11/16/2024,Prueba-1,RAID-0,SEQ1M Q1T1 Read,159.84
3,11/16/2024,Prueba-1,RAID-0,RND4K Q32T1 Read,0.84
4,11/16/2024,Prueba-1,RAID-0,RND4K Q1T1 Read,0.56
5,11/16/2024,Prueba-1,RAID-0,SEQ1M Q8T1 Write,154.66
6,11/16/2024,Prueba-1,RAID-0,SEQ1M Q1T1 Write,110.03
7,11/16/2024,Prueba-1,RAID-0,RND4K Q32T1 Write,2.23
8,11/16/2024,Prueba-1,RAID-0,RND4K Q1T1 Write,2.4
9,11/16/2024,Prueba-2,RAID-0,SEQ1M Q8T1 Read,176.53
10,11/16/2024,Prueba-2,RAID-0,SEQ1M Q1T1 Read,167.3
11,11/16/2024,Prueba-2,RAID-0,RND4K Q32T1 Read,0.99
12,11/16/2024,Prueba-2,RAID-0,RND4K Q1T1 Read,0.63
13,11/16/2024,Prueba-2,RAID-0,SEQ1M Q8T1 Write,164.49
14,11/16/2024,Prueba-2,RAID-0,SEQ1M Q1T1 Write,117.99
15,11/17/2024,Prueba-2,RAID-0,RND4K Q32T1 Write,2.23
16,11/17/2024,Prueba-2,RAID-0,RND4K Q1T1 Write,2.11
17,11/17/2024,Prueba-3,RAID-0,SEQ1M Q8T1 Read,177.13
18,11/17/2024,Prueba-3,RAID-0,SEQ1M Q1T1 Read,163.63
19,11/17/2024,Prueba-3,RAID-0,RND4K Q32T1 Read,0.99
20,11/17/2024,Prueba-3,RAID-0,RND4K Q1T1 Read,0.64
21,11/17/2024,Prueba-3,RAID-0,SEQ1M Q8T1 Write,162.71
22,11/17/2024,Prueba-3,RAID-0,SEQ1M Q1T1 Write,118.83
23,11/17/2024,Prueba-3,RAID-0,RND4K Q32T1 Write,2.33
24,11/17/2024,Prueba-3,RAID-0,RND4K Q1T1 Write,2.25
25,11/17/2024,Prueba-4,RAID-0,SEQ1M Q8T1 Read,179.22
26,11/17/2024,Prueba-4,RAID-0,SEQ1M Q1T1 Read,163.84
27,11/17/2024,Prueba-4,RAID-0,RND4K Q32T1 Read,1.01
28,11/17/2024,Prueba-4,RAID-0,RND4K Q1T1 Read,0.63
29,11/22/2024,Prueba-4,RAID-0,SEQ1M Q8T1 Write,165.31
30,11/22/2024,Prueba-4,RAID-0,SEQ1M Q1T1 Write,120.11
31,11/22/2024,Prueba-4,RAID-0,RND4K Q32T1 Write,2.46
32,11/22/2024,Prueba-4,RAID-0,RND4K Q1T1 Write,2.1
33,11/22/2024,Prueba-5,RAID-0,SEQ1M Q8T1 Read,177.21
34,11/22/2024,Prueba-5,RAID-0,SEQ1M Q1T1 Read,166.44
35,11/22/2024,Prueba-5,RAID-0,RND4K Q32T1 Read,1.02
36,11/22/2024,Prueba-5,RAID-0,RND4K Q1T1 Read,0.62
37,11/22/2024,Prueba-5,RAID-0,SEQ1M Q8T1 Write,162.78
38,11/22/2024,Prueba-5,RAID-0,SEQ1M Q1T1 Write,119.5
39,11/22/2024,Prueba-5,RAID-0,RND4K Q32T1 Write,2.18
40,11/22/2024,Prueba-5,RAID-0,RND4K Q1T1 Write,2.12
41,11/22/2024,Prueba-6,RAID-0,SEQ1M Q8T1 Read,179.35
42,11/22/2024,Prueba-6,RAID-0,SEQ1M Q1T1 Read,169.12
43,11/22/2024,Prueba-6,RAID-0,RND4K Q32T1 Read,1
44,11/22/2024,Prueba-6,RAID-0,RND4K Q1T1 Read,0.63
45,11/22/2024,Prueba-6,RAID-0,SEQ1M Q8T1 Write,171.64
46,11/22/2024,Prueba-6,RAID-0,SEQ1M Q1T1 Write,130.5
47,11/22/2024,Prueba-6,RAID-0,RND4K Q32T1 Write,2.33
48,11/22/2024,Prueba-6,RAID-0,RND4K Q1T1 Write,2.17
49,,Prueba-7,RAID-0,SEQ1M Q8T1 Read,198.11
50,,Prueba-7,RAID-0,SEQ1M Q1T1 Read,187.29
51,,Prueba-7,RAID-0,RND4K Q32T1 Read,0.97
52,,Prueba-7,RAID-0,RND4K Q1T1 Read,0.63
53,,Prueba-7,RAID-0,SEQ1M Q8T1 Write,167.51
54,,Prueba-7,RAID-0,SEQ1M Q1T1 Write,122.41
55,,Prueba-7,RAID-0,RND4K Q32T1 Write,2.28
56,,Prueba-7,RAID-0,RND4K Q1T1 Write,2.08
57,,Prueba-8,RAID-0,SEQ1M Q8T1 Read,177.36
58,,Prueba-8,RAID-0,SEQ1M Q1T1 Read,163.22
59,,Prueba-8,RAID-0,RND4K Q32T1 Read,1.03
60,,Prueba-8,RAID-0,RND4K Q1T1 Read,0.64
61,,Prueba-8,RAID-0,SEQ1M Q8T1 Write,165.55
62,,Prueba-8,RAID-0,SEQ1M Q1T1 Write,123.07
63,,Prueba-8,RAID-0,RND4K Q32T1 Write,2.28
64,,Prueba-8,RAID-0,RND4K Q1T1 Write,2.37
65,,Prueba-9,RAID-0,SEQ1M Q8T1 Read,176.68
66,,Prueba-9,RAID-0,SEQ1M Q1T1 Read,165.06
67,,Prueba-9,RAID-0,RND4K Q32T1 Read,1
68,,Prueba-9,RAID-0,RND4K Q1T1 Read,0.63
69,,Prueba-9,RAID-0,SEQ1M Q8T1 Write,165.49
70,,Prueba-9,RAID-0,SEQ1M Q1T1 Write,125.92
71,,Prueba-9,RAID-0,RND4K Q32T1 Write,2.25
72,,Prueba-9,RAID-0,RND4K Q1T1 Write,2.08
73,,prueba-10,RAID-0,SEQ1M Q8T1 Read,177.53
74,,prueba-10,RAID-0,SEQ1M Q1T1 Read,163.96
75,,prueba-10,RAID-0,RND4K Q32T1 Read,1
76,,prueba-10,RAID-0,RND4K Q1T1 Read,0.64
77,,prueba-10,RAID-0,SEQ1M Q8T1 Write,166.09
78,,prueba-10,RAID-0,SEQ1M Q1T1 Write,119.51
79,,prueba-10,RAID-0,RND4K Q32T1 Write,2.59
80,,prueba-10,RAID-0,RND4K Q1T1 Write,2.25
81,,prueba-11,RAID-0,SEQ1M Q8T1 Read,172.33
82,,prueba-11,RAID-0,SEQ1M Q1T1 Read,164.94
83,,prueba-11,RAID-0,RND4K Q32T1 Read,1.01
84,,prueba-11,RAID-0,RND4K Q1T1 Read,0.63
85,,prueba-11,RAID-0,SEQ1M Q8T1 Write,162.77
86,,prueba-11,RAID-0,SEQ1M Q1T1 Write,121.44
87,,prueba-11,RAID-0,RND4K Q32T1 Write,2.33
88,,prueba-11,RAID-0,RND4K Q1T1 Write,2.1
89,,prueba-12,RAID-0,SEQ1M Q8T1 Read,177.84
90,,prueba-12,RAID-0,SEQ1M Q1T1 Read,163.98
91,,prueba-12,RAID-0,RND4K Q32T1 Read,1.01
92,,prueba-12,RAID-0,RND4K Q1T1 Read,0.64
93,,prueba-12,RAID-0,SEQ1M Q8T1 Write,163.81
94,,prueba-12,RAID-0,SEQ1M Q1T1 Write,121.21
95,,prueba-12,RAID-0,RND4K Q32T1 Write,2.24
96,,prueba-12,RAID-0,RND4K Q1T1 Write,2.11
97,,prueba-13,RAID-0,SEQ1M Q8T1 Read,177.52
98,,prueba-13,RAID-0,SEQ1M Q1T1 Read,163.88
99,,prueba-13,RAID-0,RND4K Q32T1 Read,1.01
100,,prueba-13,RAID-0,RND4K Q1T1 Read,0.63
101,,prueba-13,RAID-0,SEQ1M Q8T1 Write,163.22
102,,prueba-13,RAID-0,SEQ1M Q1T1 Write,117.58
103,,prueba-13,RAID-0,RND4K Q32T1 Write,2.42
104,,prueba-13,RAID-0,RND4K Q1T1 Write,2.21
105,,prueba-14,RAID-0,SEQ1M Q8T1 Read,176.42
106,,prueba-14,RAID-0,SEQ1M Q1T1 Read,166.99
107,,prueba-14,RAID-0,RND4K Q32T1 Read,0.99
108,,prueba-14,RAID-0,RND4K Q1T1 Read,0.61
109,,prueba-14,RAID-0,SEQ1M Q8T1 Write,166.27
110,,prueba-14,RAID-0,SEQ1M Q1T1 Write,123.99
111,,prueba-14,RAID-0,RND4K Q32T1 Write,2.25
112,,prueba-14,RAID-0,RND4K Q1T1 Write,2.13
113,,prueba-15,RAID-0,SEQ1M Q8T1 Read,173.57
114,,prueba-15,RAID-0,SEQ1M Q1T1 Read,163.5
115,,prueba-15,RAID-0,RND4K Q32T1 Read,0.88
116,,prueba-15,RAID-0,RND4K Q1T1 Read,0.58
117,,prueba-15,RAID-0,SEQ1M Q8T1 Write,150.24
118,,prueba-15,RAID-0,SEQ1M Q1T1 Write,110.41
119,,prueba-15,RAID-0,RND4K Q32T1 Write,2.35
120,,prueba-15,RAID-0,RND4K Q1T1 Write,2.32
121,,prueba-16,RAID-0,SEQ1M Q8T1 Read,176.75
122,,prueba-16,RAID-0,SEQ1M Q1T1 Read,166.72
123,,prueba-16,RAID-0,RND4K Q32T1 Read,1
124,,prueba-16,RAID-0,RND4K Q1T1 Read,0.64
125,,prueba-16,RAID-0,SEQ1M Q8T1 Write,162.49
126,,prueba-16,RAID-0,SEQ1M Q1T1 Write,124.94
127,,prueba-16,RAID-0,RND4K Q32T1 Write,2.36
128,,prueba-16,RAID-0,RND4K Q1T1 Write,2.2
129,,prueba-17,RAID-0,SEQ1M Q8T1 Read,175.7
130,,prueba-17,RAID-0,SEQ1M Q1T1 Read,165.16
131,,prueba-17,RAID-0,RND4K Q32T1 Read,1
132,,prueba-17,RAID-0,RND4K Q1T1 Read,0.63
133,,prueba-17,RAID-0,SEQ1M Q8T1 Write,161.7
134,,prueba-17,RAID-0,SEQ1M Q1T1 Write,117.3
135,,prueba-17,RAID-0,RND4K Q32T1 Write,2.26
136,,prueba-17,RAID-0,RND4K Q1T1 Write,2.18
137,,prueba-18,RAID-0,SEQ1M Q8T1 Read,175.89
138,,prueba-18,RAID-0,SEQ1M Q1T1 Read,165.99
139,,prueba-18,RAID-0,RND4K Q32T1 Read,0.99
140,,prueba-18,RAID-0,RND4K Q1T1 Read,0.62
141,,prueba-18,RAID-0,SEQ1M Q8T1 Write,160.57
142,,prueba-18,RAID-0,SEQ1M Q1T1 Write,118.74
143,,prueba-18,RAID-0,RND4K Q32T1 Write,2.46
144,,prueba-18,RAID-0,RND4K Q1T1 Write,2.41
145,,prueba-19,RAID-0,SEQ1M Q8T1 Read,174.92
146,,prueba-19,RAID-0,SEQ1M Q1T1 Read,165.17
147,,prueba-19,RAID-0,RND4K Q32T1 Read,1
148,,prueba-19,RAID-0,RND4K Q1T1 Read,0.65
149,,prueba-19,RAID-0,SEQ1M Q8T1 Write,161.35
150,,prueba-19,RAID-0,SEQ1M Q1T1 Write,120.24
151,,prueba-19,RAID-0,RND4K Q32T1 Write,2.27
152,,prueba-19,RAID-0,RND4K Q1T1 Write,2.15
153,,prueba-20,RAID-0,SEQ1M Q8T1 Read,177.06
154,,prueba-20,RAID-0,SEQ1M Q1T1 Read,166.08
155,,prueba-20,RAID-0,RND4K Q32T1 Read,0.98
156,,prueba-20,RAID-0,RND4K Q1T1 Read,0.63
157,,prueba-20,RAID-0,SEQ1M Q8T1 Write,163.44
158,,prueba-20,RAID-0,SEQ1M Q1T1 Write,120.69
159,,prueba-20,RAID-0,RND4K Q32T1 Write,2.55
160,,prueba-20,RAID-0,RND4K Q1T1 Write,2.28
161,,prueba-21,RAID-0,SEQ1M Q8T1 Read,174.82
162,,prueba-21,RAID-0,SEQ1M Q1T1 Read,164.38
163,,prueba-21,RAID-0,RND4K Q32T1 Read,0.99
164,,prueba-21,RAID-0,RND4K Q1T1 Read,0.64
165,,prueba-21,RAID-0,SEQ1M Q8T1 Write,158.88
166,,prueba-21,RAID-0,SEQ1M Q1T1 Write,122.2
167,,prueba-21,RAID-0,RND4K Q32T1 Write,2.23
168,,prueba-21,RAID-0,RND4K Q1T1 Write,2.2
169,,prueba-22,RAID-0,SEQ1M Q8T1 Read,177.05
170,,prueba-22,RAID-0,SEQ1M Q1T1 Read,166.58
171,,prueba-22,RAID-0,RND4K Q32T1 Read,1.02
172,,prueba-22,RAID-0,RND4K Q1T1 Read,0.64
173,,prueba-22,RAID-0,SEQ1M Q8T1 Write,162.62
174,,prueba-22,RAID-0,SEQ1M Q1T1 Write,124.38
175,,prueba-22,RAID-0,RND4K Q32T1 Write,2.37
176,,prueba-22,RAID-0,RND4K Q1T1 Write,2.25
177,,prueba-23,RAID-0,SEQ1M Q8T1 Read,172.33
178,,prueba-23,RAID-0,SEQ1M Q1T1 Read,163.59
179,,prueba-23,RAID-0,RND4K Q32T1 Read,0.99
180,,prueba-23,RAID-0,RND4K Q1T1 Read,0.64
181,,prueba-23,RAID-0,SEQ1M Q8T1 Write,158.06
182,,prueba-23,RAID-0,SEQ1M Q1T1 Write,119.47
183,,prueba-23,RAID-0,RND4K Q32T1 Write,2.51
184,,prueba-23,RAID-0,RND4K Q1T1 Write,2.35
185,,prueba-24,RAID-0,SEQ1M Q8T1 Read,176.86
186,,prueba-24,RAID-0,SEQ1M Q1T1 Read,166.95
187,,prueba-24,RAID-0,RND4K Q32T1 Read,0.98
188,,prueba-24,RAID-0,RND4K Q1T1 Read,0.64
189,,prueba-24,RAID-0,SEQ1M Q8T1 Write,169.24
190,,prueba-24,RAID-0,SEQ1M Q1T1 Write,124.85
191,,prueba-24,RAID-0,RND4K Q32T1 Write,2.36
192,,prueba-24,RAID-0,RND4K Q1T1 Write,2.19
193,,prueba-25,RAID-0,SEQ1M Q8T1 Read,171.41
194,,prueba-25,RAID-0,SEQ1M Q1T1 Read,163.8
195,,prueba-25,RAID-0,RND4K Q32T1 Read,1
196,,prueba-25,RAID-0,RND4K Q1T1 Read,0.64
197,,prueba-25,RAID-0,SEQ1M Q8T1 Write,162.02
198,,prueba-25,RAID-0,SEQ1M Q1T1 Write,118.97
199,,prueba-25,RAID-0,RND4K Q32T1 Write,2.48
200,,prueba-25,RAID-0,RND4K Q1T1 Write,2.29
201,,prueba-26,RAID-0,SEQ1M Q8T1 Read,176.89
202,,prueba-26,RAID-0,SEQ1M Q1T1 Read,165.01
203,,prueba-26,RAID-0,RND4K Q32T1 Read,1.02
204,,prueba-26,RAID-0,RND4K Q1T1 Read,0.64
205,,prueba-26,RAID-0,SEQ1M Q8T1 Write,165.87
206,,prueba-26,RAID-0,SEQ1M Q1T1 Write,122.47
207,,prueba-26,RAID-0,RND4K Q32T1 Write,2.31
208,,prueba-26,RAID-0,RND4K Q1T1 Write,2.15
209,,prueba-27,RAID-0,SEQ1M Q8T1 Read,177.24
210,,prueba-27,RAID-0,SEQ1M Q1T1 Read,165.63
211,,prueba-27,RAID-0,RND4K Q32T1 Read,1
212,,prueba-27,RAID-0,RND4K Q1T1 Read,0.63
213,,prueba-27,RAID-0,SEQ1M Q8T1 Write,163.57
214,,prueba-27,RAID-0,SEQ1M Q1T1 Write,119.48
215,,prueba-27,RAID-0,RND4K Q32T1 Write,2.47
216,,prueba-27,RAID-0,RND4K Q1T1 Write,2.37
217,,prueba-28,RAID-1,SEQ1M Q8T1 Read,177.55
218,,prueba-28,RAID-1,SEQ1M Q1T1 Read,166.38
219,,prueba-28,RAID-1,RND4K Q32T1 Read,1
220,,prueba-28,RAID-1,RND4K Q1T1 Read,0.64
221,,prueba-28,RAID-1,SEQ1M Q8T1 Write,163.14
222,,prueba-28,RAID-1,SEQ1M Q1T1 Write,121.31
223,,prueba-28,RAID-1,RND4K Q32T1 Write,2.52
224,,prueba-28,RAID-1,RND4K Q1T1 Write,1.99
225,,Prueba-1,RAID-1,SEQ1M Q8T1 Read,81.904
226,,Prueba-1,RAID-1,SEQ1M Q1T1 Read,56.624
227,,Prueba-1,RAID-1,RND4K Q32T1 Read,0.641
228,,Prueba-1,RAID-1,RND4K Q1T1 Read,0.327
229,,Prueba-1,RAID-1,SEQ1M Q8T1 Write,43.902
230,,Prueba-1,RAID-1,SEQ1M Q1T1 Write,40.427
231,,Prueba-1,RAID-1,RND4K Q32T1 Write,0.408
232,,Prueba-1,RAID-1,RND4K Q1T1 Write,0.294
233,,Prueba-2,RAID-1,SEQ1M Q8T1 Read,86.239
234,,Prueba-2,RAID-1,SEQ1M Q1T1 Read,63.012
235,,Prueba-2,RAID-1,RND4K Q32T1 Read,0.606
236,,Prueba-2,RAID-1,RND4K Q1T1 Read,0.32
237,,Prueba-2,RAID-1,SEQ1M Q8T1 Write,41.792
238,,Prueba-2,RAID-1,SEQ1M Q1T1 Write,40.624
239,,Prueba-2,RAID-1,RND4K Q32T1 Write,0.38
240,,Prueba-2,RAID-1,RND4K Q1T1 Write,0.31
241,,Prueba-3,RAID-1,SEQ1M Q8T1 Read,92.134
242,,Prueba-3,RAID-1,SEQ1M Q1T1 Read,59.713
243,,Prueba-3,RAID-1,RND4K Q32T1 Read,0.636
244,,Prueba-3,RAID-1,RND4K Q1T1 Read,0.327
245,,Prueba-3,RAID-1,SEQ1M Q8T1 Write,44.559
246,,Prueba-3,RAID-1,SEQ1M Q1T1 Write,42.023
247,,Prueba-3,RAID-1,RND4K Q32T1 Write,0.412
248,,Prueba-3,RAID-1,RND4K Q1T1 Write,0.287
249,,Prueba-4,RAID-1,SEQ1M Q8T1 Read,86.678
250,,Prueba-4,RAID-1,SEQ1M Q1T1 Read,59.224
251,,Prueba-4,RAID-1,RND4K Q32T1 Read,0.606
252,,Prueba-4,RAID-1,RND4K Q1T1 Read,0.32
253,,Prueba-4,RAID-1,SEQ1M Q8T1 Write,41.539
254,,Prueba-4,RAID-1,SEQ1M Q1T1 Write,38.803
255,,Prueba-4,RAID-1,RND4K Q32T1 Write,0.155
256,,Prueba-4,RAID-1,RND4K Q1T1 Write,0.142
257,,Prueba-5,RAID-1,SEQ1M Q8T1 Read,85.166
258,,Prueba-5,RAID-1,SEQ1M Q1T1 Read,60.049
259,,Prueba-5,RAID-1,RND4K Q32T1 Read,0.669
260,,Prueba-5,RAID-1,RND4K Q1T1 Read,0.316
261,,Prueba-5,RAID-1,SEQ1M Q8T1 Write,45.998
262,,Prueba-5,RAID-1,SEQ1M Q1T1 Write,41.854
263,,Prueba-5,RAID-1,RND4K Q32T1 Write,0.437
264,,Prueba-5,RAID-1,RND4K Q1T1 Write,0.321
265,,Prueba-6,RAID-1,SEQ1M Q8T1 Read,86.753
266,,Prueba-6,RAID-1,SEQ1M Q1T1 Read,58.204
267,,Prueba-6,RAID-1,RND4K Q32T1 Read,0.64
268,,Prueba-6,RAID-1,RND4K Q1T1 Read,0.34
269,,Prueba-6,RAID-1,SEQ1M Q8T1 Write,44.938
270,,Prueba-6,RAID-1,SEQ1M Q1T1 Write,42.481
271,,Prueba-6,RAID-1,RND4K Q32T1 Write,0.429
272,,Prueba-6,RAID-1,RND4K Q1T1 Write,0.303
273,,,RAID-1,SEQ1M Q8T1 Read,90.932
274,,,RAID-1,SEQ1M Q1T1 Read,66.001
275,,,RAID-1,RND4K Q32T1 Read,0.642
276,,,RAID-1,RND4K Q1T1 Read,0.337
277,,,RAID-1,SEQ1M Q8T1 Write,46.348
278,,,RAID-1,SEQ1M Q1T1 Write,42.937
279,,,RAID-1,RND4K Q32T1 Write,0.408
280,,,RAID-1,RND4K Q1T1 Write,0.306
281,,,RAID-1,SEQ1M Q8T1 Read,92.035
282,,,RAID-1,SEQ1M Q1T1 Read,60.47
283,,,RAID-1,RND4K Q32T1 Read,0.652
284,,,RAID-1,RND4K Q1T1 Read,0.35
285,,,RAID-1,SEQ1M Q8T1 Write,44.665
286,,,RAID-1,SEQ1M Q1T1 Write,43.898
287,,,RAID-1,RND4K Q32T1 Write,0.415
288,,,RAID-1,RND4K Q1T1 Write,0.334
289,,,RAID-1,SEQ1M Q8T1 Read,93.946
290,,,RAID-1,SEQ1M Q1T1 Read,65.607
291,,,RAID-1,RND4K Q32T1 Read,0.609
292,,,RAID-1,RND4K Q1T1 Read,0.314
293,,,RAID-1,SEQ1M Q8T1 Write,42.315
294,,,RAID-1,SEQ1M Q1T1 Write,41.668
295,,,RAID-1,RND4K Q32T1 Write,0.415
296,,,RAID-1,RND4K Q1T1 Write,0.309
297,,,RAID-1,SEQ1M Q8T1 Read,90.394
298,,,RAID-1,SEQ1M Q1T1 Read,61.276
299,,,RAID-1,RND4K Q32T1 Read,0.635
300,,,RAID-1,RND4K Q1T1 Read,0.312
301,,,RAID-1,SEQ1M Q8T1 Write,44.34
302,,,RAID-1,SEQ1M Q1T1 Write,42.064
303,,,RAID-1,RND4K Q32T1 Write,0.391
304,,,RAID-1,RND4K Q1T1 Write,0.304
305,,,RAID-1,SEQ1M Q8T1 Read,87.075
306,,,RAID-1,SEQ1M Q1T1 Read,59.413
307,,,RAID-1,RND4K Q32T1 Read,0.656
308,,,RAID-1,RND4K Q1T1 Read,0.326
309,,,RAID-1,SEQ1M Q8T1 Write,44.329
310,,,RAID-1,SEQ1M Q1T1 Write,41.925
311,,,RAID-1,RND4K Q32T1 Write,0.353
312,,,RAID-1,RND4K Q1T1 Write,0.308
313,,,RAID-1,SEQ1M Q8T1 Read,93.844
314,,,RAID-1,SEQ1M Q1T1 Read,61.118
315,,,RAID-1,RND4K Q32T1 Read,0.638
316,,,RAID-1,RND4K Q1T1 Read,0.322
317,,,RAID-1,SEQ1M Q8T1 Write,42.22
318,,,RAID-1,SEQ1M Q1T1 Write,43.544
319,,,RAID-1,RND4K Q32T1 Write,0.4
320,,,RAID-1,RND4K Q1T1 Write,0.278
321,,,RAID-1,SEQ1M Q8T1 Read,91.306
322,,,RAID-1,SEQ1M Q1T1 Read,79.117
323,,,RAID-1,RND4K Q32T1 Read,0.649
324,,,RAID-1,RND4K Q1T1 Read,0.319
325,,,RAID-1,SEQ1M Q8T1 Write,42.621
326,,,RAID-1,SEQ1M Q1T1 Write,40.601
327,,,RAID-1,RND4K Q32T1 Write,0.377
328,,,RAID-1,RND4K Q1T1 Write,0.308
329,,Prueba-14,RAID-1,SEQ1M Q8T1 Read,94.889
330,,Prueba-14,RAID-1,SEQ1M Q1T1 Read,60.153
331,,Prueba-14,RAID-1,RND4K Q32T1 Read,0.652
332,,Prueba-14,RAID-1,RND4K Q1T1 Read,0.316
333,,Prueba-14,RAID-1,SEQ1M Q8T1 Write,42.737
334,,Prueba-14,RAID-1,SEQ1M Q1T1 Write,38.842
335,,Prueba-14,RAID-1,RND4K Q32T1 Write,0.404
336,,Prueba-14,RAID-1,RND4K Q1T1 Write,0.288
337,,Prueba-15,RAID-1,SEQ1M Q8T1 Read,88.664
338,,Prueba-15,RAID-1,SEQ1M Q1T1 Read,66.545
339,,Prueba-15,RAID-1,RND4K Q32T1 Read,0.618
340,,Prueba-15,RAID-1,RND4K Q1T1 Read,0.312
341,,Prueba-15,RAID-1,SEQ1M Q8T1 Write,37.922
342,,Prueba-15,RAID-1,SEQ1M Q1T1 Write,39.346
343,,Prueba-15,RAID-1,RND4K Q32T1 Write,0.373
344,,Prueba-15,RAID-1,RND4K Q1T1 Write,0.263
345,,,RAID-1,SEQ1M Q8T1 Read,89.583
346,,,RAID-1,SEQ1M Q1T1 Read,63.37
347,,,RAID-1,RND4K Q32T1 Read,0.639
348,,,RAID-1,RND4K Q1T1 Read,0.322
349,,,RAID-1,SEQ1M Q8T1 Write,41.947
350,,,RAID-1,SEQ1M Q1T1 Write,40.395
351,,,RAID-1,RND4K Q32T1 Write,0.372
352,,,RAID-1,RND4K Q1T1 Write,0.27
353,,,RAID-1,SEQ1M Q8T1 Read,89.045
354,,,RAID-1,SEQ1M Q1T1 Read,57.681
355,,,RAID-1,RND4K Q32T1 Read,0.66
356,,,RAID-1,RND4K Q1T1 Read,0.293
357,,,RAID-1,SEQ1M Q8T1 Write,43.587
358,,,RAID-1,SEQ1M Q1T1 Write,41.429
359,,,RAID-1,RND4K Q32T1 Write,0.363
360,,,RAID-1,RND4K Q1T1 Write,0.29
361,,,RAID-1,SEQ1M Q8T1 Read,85.803
362,,,RAID-1,SEQ1M Q1T1 Read,57.843
363,,,RAID-1,RND4K Q32T1 Read,0.62
364,,,RAID-1,RND4K Q1T1 Read,0.31
365,,,RAID-1,SEQ1M Q8T1 Write,42.956
366,,,RAID-1,SEQ1M Q1T1 Write,40.296
367,,,RAID-1,RND4K Q32T1 Write,0.356
368,,,RAID-1,RND4K Q1T1 Write,0.293
369,,,RAID-1,SEQ1M Q8T1 Read,89.946
370,,,RAID-1,SEQ1M Q1T1 Read,67.515
371,,,RAID-1,RND4K Q32T1 Read,0.645
372,,,RAID-1,RND4K Q1T1 Read,0.303
373,,,RAID-1,SEQ1M Q8T1 Write,41.915
374,,,RAID-1,SEQ1M Q1T1 Write,38.974
375,,,RAID-1,RND4K Q32T1 Write,0.377
376,,,RAID-1,RND4K Q1T1 Write,0.287
377,,,RAID-1,SEQ1M Q8T1 Read,88.14
378,,,RAID-1,SEQ1M Q1T1 Read,55.303
379,,,RAID-1,RND4K Q32T1 Read,0.674
380,,,RAID-1,RND4K Q1T1 Read,0.308
381,,,RAID-1,SEQ1M Q8T1 Write,41.113
382,,,RAID-1,SEQ1M Q1T1 Write,39.971
383,,,RAID-1,RND4K Q32T1 Write,0.372
384,,,RAID-1,RND4K Q1T1 Write,0.29
385,,,RAID-1,SEQ1M Q8T1 Read,88.061
386,,,RAID-1,SEQ1M Q1T1 Read,55.649
387,,,RAID-1,RND4K Q32T1 Read,0.654
388,,,RAID-1,RND4K Q1T1 Read,0.322
389,,,RAID-1,SEQ1M Q8T1 Write,42.406
390,,,RAID-1,SEQ1M Q1T1 Write,39.743
391,,,RAID-1,RND4K Q32T1 Write,0.371
392,,,RAID-1,RND4K Q1T1 Write,0.268
393,,,RAID-1,SEQ1M Q8T1 Read,89.688
394,,,RAID-1,SEQ1M Q1T1 Read,58.417
395,,,RAID-1,RND4K Q32T1 Read,0.66
396,,,RAID-1,RND4K Q1T1 Read,0.306
397,,,RAID-1,SEQ1M Q8T1 Write,39.253
398,,,RAID-1,SEQ1M Q1T1 Write,38.47
399,,,RAID-1,RND4K Q32T1 Write,0.349
400,,,RAID-1,RND4K Q1T1 Write,0.262
401,,,RAID-1,SEQ1M Q8T1 Read,89.819
402,,,RAID-1,SEQ1M Q1T1 Read,61.669
403,,,RAID-1,RND4K Q32T1 Read,0.649
404,,,RAID-1,RND4K Q1T1 Read,0.292
405,,,RAID-1,SEQ1M Q8T1 Write,39.402
406,,,RAID-1,SEQ1M Q1T1 Write,40.008
407,,,RAID-1,RND4K Q32T1 Write,0.362
408,,,RAID-1,RND4K Q1T1 Write,0.288
409,,,RAID-1,SEQ1M Q8T1 Read,89.244
410,,,RAID-1,SEQ1M Q1T1 Read,72.296
411,,,RAID-1,RND4K Q32T1 Read,0.648
412,,,RAID-1,RND4K Q1T1 Read,0.304
413,,,RAID-1,SEQ1M Q8T1 Write,39.294
414,,,RAID-1,SEQ1M Q1T1 Write,39.951
415,,,RAID-1,RND4K Q32T1 Write,0.361
416,,,RAID-1,RND4K Q1T1 Write,0.273
417,,,RAID-1,SEQ1M Q8T1 Read,90.469
418,,,RAID-1,SEQ1M Q1T1 Read,63.368
419,,,RAID-1,RND4K Q32T1 Read,0.658
420,,,RAID-1,RND4K Q1T1 Read,0.294
421,,,RAID-1,SEQ1M Q8T1 Write,37.092
422,,,RAID-1,SEQ1M Q1T1 Write,39.204
423,,,RAID-1,RND4K Q32T1 Write,0.332
424,,,RAID-1,RND4K Q1T1 Write,0.256
425,,,RAID-1,SEQ1M Q8T1 Read,89.945
426,,,RAID-1,SEQ1M Q1T1 Read,63.931
427,,,RAID-1,RND4K Q32T1 Read,0.684
428,,,RAID-1,RND4K Q1T1 Read,0.293
429,,,RAID-1,SEQ1M Q8T1 Write,41.315
430,,,RAID-1,SEQ1M Q1T1 Write,31.023
431,,,RAID-1,RND4K Q32T1 Write,0.347
432,,,RAID-1,RND4K Q1T1 Write,0.266
433,,,RAID-1,SEQ1M Q8T1 Read,89.343
434,,,RAID-1,SEQ1M Q1T1 Read,55.323
435,,,RAID-1,RND4K Q32T1 Read,0.663
436,,,RAID-1,RND4K Q1T1 Read,0.29
437,,,RAID-1,SEQ1M Q8T1 Write,39.003
438,,,RAID-1,SEQ1M Q1T1 Write,38.379
439,,,RAID-1,RND4K Q32T1 Write,0.368
440,,,RAID-1,RND4K Q1T1 Write,0.281
441,,,RAID-1,SEQ1M Q8T1 Read,89.608
442,,,RAID-1,SEQ1M Q1T1 Read,66.261
443,,,RAID-1,RND4K Q32T1 Read,0.643
444,,,RAID-1,RND4K Q1T1 Read,0.287
445,,,RAID-1,SEQ1M Q8T1 Write,39.85
446,,,RAID-1,SEQ1M Q1T1 Write,37.677
447,,,RAID-1,RND4K Q32T1 Write,0.371
448,,,RAID-1,RND4K Q1T1 Write,0.247
449,,Prueba-1,RAID-5,SEQ1M Q8T1 Read,89.04
450,,Prueba-1,RAID-5,SEQ1M Q1T1 Read,56.874
451,,Prueba-1,RAID-5,RND4K Q32T1 Read,1.187
452,,Prueba-1,RAID-5,RND4K Q1T1 Read,0.052
453,,Prueba-1,RAID-5,SEQ1M Q8T1 Write,51.107
454,,Prueba-1,RAID-5,SEQ1M Q1T1 Write,47.892
455,,Prueba-1,RAID-5,RND4K Q32T1 Write,0.618
456,,Prueba-1,RAID-5,RND4K Q1T1 Write,0.032
457,,,RAID-5,SEQ1M Q8T1 Read,90.846
458,,,RAID-5,SEQ1M Q1T1 Read,55.761
459,,,RAID-5,RND4K Q32T1 Read,1.193
460,,,RAID-5,RND4K Q1T1 Read,0.033
461,,,RAID-5,SEQ1M Q8T1 Write,51.955
462,,,RAID-5,SEQ1M Q1T1 Write,43.96
463,,,RAID-5,RND4K Q32T1 Write,0.572
464,,,RAID-5,RND4K Q1T1 Write,0.021
465,,,RAID-5,SEQ1M Q8T1 Read,96.998
466,,,RAID-5,SEQ1M Q1T1 Read,52.948
467,,,RAID-5,RND4K Q32T1 Read,1.214
468,,,RAID-5,RND4K Q1T1 Read,0.027
469,,,RAID-5,SEQ1M Q8T1 Write,54.766
470,,,RAID-5,SEQ1M Q1T1 Write,46.664
471,,,RAID-5,RND4K Q32T1 Write,0.586
472,,,RAID-5,RND4K Q1T1 Write,0.023
473,,,RAID-5,SEQ1M Q8T1 Read,79.361
474,,,RAID-5,SEQ1M Q1T1 Read,52.351
475,,,RAID-5,RND4K Q32T1 Read,1.149
476,,,RAID-5,RND4K Q1T1 Read,0.079
477,,,RAID-5,SEQ1M Q8T1 Write,51.029
478,,,RAID-5,SEQ1M Q1T1 Write,47.65
479,,,RAID-5,RND4K Q32T1 Write,0.612
480,,,RAID-5,RND4K Q1T1 Write,0.044
481,,,RAID-5,SEQ1M Q8T1 Read,88.3
482,,,RAID-5,SEQ1M Q1T1 Read,46.004
483,,,RAID-5,RND4K Q32T1 Read,1.171
484,,,RAID-5,RND4K Q1T1 Read,0.047
485,,,RAID-5,SEQ1M Q8T1 Write,49.8
486,,,RAID-5,SEQ1M Q1T1 Write,47.729
487,,,RAID-5,RND4K Q32T1 Write,0.612
488,,,RAID-5,RND4K Q1T1 Write,0.029
489,,,RAID-5,SEQ1M Q8T1 Read,84.72
490,,,RAID-5,SEQ1M Q1T1 Read,48.523
491,,,RAID-5,RND4K Q32T1 Read,1.15
492,,,RAID-5,RND4K Q1T1 Read,0.034
493,,,RAID-5,SEQ1M Q8T1 Write,53.725
494,,,RAID-5,SEQ1M Q1T1 Write,45.162
495,,,RAID-5,RND4K Q32T1 Write,0.604
496,,,RAID-5,RND4K Q1T1 Write,0.027
497,,,RAID-5,SEQ1M Q8T1 Read,91.132
498,,,RAID-5,SEQ1M Q1T1 Read,45.019
499,,,RAID-5,RND4K Q32T1 Read,1.162
500,,,RAID-5,RND4K Q1T1 Read,0.028
501,,,RAID-5,SEQ1M Q8T1 Write,50.73
502,,,RAID-5,SEQ1M Q1T1 Write,45.665
503,,,RAID-5,RND4K Q32T1 Write,0.541
504,,,RAID-5,RND4K Q1T1 Write,0.024
505,,,RAID-5,SEQ1M Q8T1 Read,85.798
506,,,RAID-5,SEQ1M Q1T1 Read,48.076
507,,,RAID-5,RND4K Q32T1 Read,1.147
508,,,RAID-5,RND4K Q1T1 Read,0.025
509,,,RAID-5,SEQ1M Q8T1 Write,50.304
510,,,RAID-5,SEQ1M Q1T1 Write,45.747
511,,,RAID-5,RND4K Q32T1 Write,0.622
512,,,RAID-5,RND4K Q1T1 Write,0.019
513,,,RAID-5,SEQ1M Q8T1 Read,91.162
514,,,RAID-5,SEQ1M Q1T1 Read,44.94
515,,,RAID-5,RND4K Q32T1 Read,1.133
516,,,RAID-5,RND4K Q1T1 Read,0.024
517,,,RAID-5,SEQ1M Q8T1 Write,51.178
518,,,RAID-5,SEQ1M Q1T1 Write,43.191
519,,,RAID-5,RND4K Q32T1 Write,0.605
520,,,RAID-5,RND4K Q1T1 Write,0.016
521,,,RAID-5,SEQ1M Q8T1 Read,91.034
522,,,RAID-5,SEQ1M Q1T1 Read,44.322
523,,,RAID-5,RND4K Q32T1 Read,1.104
524,,,RAID-5,RND4K Q1T1 Read,0.023
525,,,RAID-5,SEQ1M Q8T1 Write,52.099
526,,,RAID-5,SEQ1M Q1T1 Write,44.472
527,,,RAID-5,RND4K Q32T1 Write,0.573
528,,,RAID-5,RND4K Q1T1 Write,0.016
529,,,RAID-5,SEQ1M Q8T1 Read,85.519
530,,,RAID-5,SEQ1M Q1T1 Read,46.551
531,,,RAID-5,RND4K Q32T1 Read,1.077
532,,,RAID-5,RND4K Q1T1 Read,0.018
533,,,RAID-5,SEQ1M Q8T1 Write,52.458
534,,,RAID-5,SEQ1M Q1T1 Write,35.529
535,,,RAID-5,RND4K Q32T1 Write,0.548
536,,,RAID-5,RND4K Q1T1 Write,0.017
537,,,RAID-5,SEQ1M Q8T1 Read,82.331
538,,,RAID-5,SEQ1M Q1T1 Read,41.192
539,,,RAID-5,RND4K Q32T1 Read,1.079
540,,,RAID-5,RND4K Q1T1 Read,0.02
541,,,RAID-5,SEQ1M Q8T1 Write,45.086
542,,,RAID-5,SEQ1M Q1T1 Write,41.438
543,,,RAID-5,RND4K Q32T1 Write,0.511
544,,,RAID-5,RND4K Q1T1 Write,0.015
545,,,RAID-5,SEQ1M Q8T1 Read,79.361
546,,,RAID-5,SEQ1M Q1T1 Read,52.351
547,,,RAID-5,RND4K Q32T1 Read,1.149
548,,,RAID-5,RND4K Q1T1 Read,0.079
549,,,RAID-5,SEQ1M Q8T1 Write,51.029
550,,,RAID-5,SEQ1M Q1T1 Write,47.65
551,,,RAID-5,RND4K Q32T1 Write,0.612
552,,,RAID-5,RND4K Q1T1 Write,0.044
553,,prueba-14,RAID-5,SEQ1M Q8T1 Read,91.132
554,,prueba-14,RAID-5,SEQ1M Q1T1 Read,45.019
555,,prueba-14,RAID-5,RND4K Q32T1 Read,1.162
556,,prueba-14,RAID-5,RND4K Q1T1 Read,0.028
557,,prueba-14,RAID-5,SEQ1M Q8T1 Write,50.73
558,,prueba-14,RAID-5,SEQ1M Q1T1 Write,45.665
559,,prueba-14,RAID-5,RND4K Q32T1 Write,0.541
560,,prueba-14,RAID-5,RND4K Q1T1 Write,0.024
561,,,RAID-5,SEQ1M Q8T1 Read,85.23
562,,,RAID-5,SEQ1M Q1T1 Read,43.116
563,,,RAID-5,RND4K Q32T1 Read,1.079
564,,,RAID-5,RND4K Q1T1 Read,0.019
565,,,RAID-5,SEQ1M Q8T1 Write,52.636
566,,,RAID-5,SEQ1M Q1T1 Write,42.363
567,,,RAID-5,RND4K Q32T1 Write,0.519
568,,,RAID-5,RND4K Q1T1 Write,0.015
569,,,RAID-5,SEQ1M Q8T1 Read,82.206
570,,,RAID-5,SEQ1M Q1T1 Read,41.64
571,,,RAID-5,RND4K Q32T1 Read,1.052
572,,,RAID-5,RND4K Q1T1 Read,0.017
573,,,RAID-5,SEQ1M Q8T1 Write,50.477
574,,,RAID-5,SEQ1M Q1T1 Write,43.557
575,,,RAID-5,RND4K Q32T1 Write,0.535
576,,,RAID-5,RND4K Q1T1 Write,0.012
577,,,RAID-5,SEQ1M Q8T1 Read,84.413
578,,,RAID-5,SEQ1M Q1T1 Read,40.91
579,,,RAID-5,RND4K Q32T1 Read,1.062
580,,,RAID-5,RND4K Q1T1 Read,0.016
581,,,RAID-5,SEQ1M Q8T1 Write,50.499
582,,,RAID-5,SEQ1M Q1T1 Write,39.539
583,,,RAID-5,RND4K Q32T1 Write,0.52
584,,,RAID-5,RND4K Q1T1 Write,0.013
585,,,RAID-5,SEQ1M Q8T1 Read,83.897
586,,,RAID-5,SEQ1M Q1T1 Read,43.634
587,,,RAID-5,RND4K Q32T1 Read,1.051
588,,,RAID-5,RND4K Q1T1 Read,0.016
589,,,RAID-5,SEQ1M Q8T1 Write,47.774
590,,,RAID-5,SEQ1M Q1T1 Write,40.06
591,,,RAID-5,RND4K Q32T1 Write,0.537
592,,,RAID-5,RND4K Q1T1 Write,0.01
593,,,RAID-5,SEQ1M Q8T1 Read,82.673
594,,,RAID-5,SEQ1M Q1T1 Read,41.655
595,,,RAID-5,RND4K Q32T1 Read,1.036
596,,,RAID-5,RND4K Q1T1 Read,0.017
597,,,RAID-5,SEQ1M Q8T1 Write,49.228
598,,,RAID-5,SEQ1M Q1T1 Write,43.882
599,,,RAID-5,RND4K Q32T1 Write,0.579
600,,,RAID-5,RND4K Q1T1 Write,0.011
601,,,RAID-5,SEQ1M Q8T1 Read,79.68
602,,,RAID-5,SEQ1M Q1T1 Read,40.086
603,,,RAID-5,RND4K Q32T1 Read,1.038
604,,,RAID-5,RND4K Q1T1 Read,0.015
605,,,RAID-5,SEQ1M Q8T1 Write,45.07
606,,,RAID-5,SEQ1M Q1T1 Write,35.612
607,,,RAID-5,RND4K Q32T1 Write,0.517
608,,,RAID-5,RND4K Q1T1 Write,0.01
609,,,RAID-5,SEQ1M Q8T1 Read,83.044
610,,,RAID-5,SEQ1M Q1T1 Read,41.218
611,,,RAID-5,RND4K Q32T1 Read,1.028
612,,,RAID-5,RND4K Q1T1 Read,0.013
613,,,RAID-5,SEQ1M Q8T1 Write,47.839
614,,,RAID-5,SEQ1M Q1T1 Write,40.817
615,,,RAID-5,RND4K Q32T1 Write,0.5
616,,,RAID-5,RND4K Q1T1 Write,0.009
617,,,RAID-5,SEQ1M Q8T1 Read,81.973
618,,,RAID-5,SEQ1M Q1T1 Read,39.617
619,,,RAID-5,RND4K Q32T1 Read,1.001
620,,,RAID-5,RND4K Q1T1 Read,0.013
621,,,RAID-5,SEQ1M Q8T1 Write,50.032
622,,,RAID-5,SEQ1M Q1T1 Write,39.431
623,,,RAID-5,RND4K Q32T1 Write,0.549
624,,,RAID-5,RND4K Q1T1 Write,0.007
625,,,RAID-5,SEQ1M Q8T1 Read,79.849
626,,,RAID-5,SEQ1M Q1T1 Read,38.525
627,,,RAID-5,RND4K Q32T1 Read,0.977
628,,,RAID-5,RND4K Q1T1 Read,0.014
629,,,RAID-5,SEQ1M Q8T1 Write,48.343
630,,,RAID-5,SEQ1M Q1T1 Write,36.96
631,,,RAID-5,RND4K Q32T1 Write,0.528
632,,,RAID-5,RND4K Q1T1 Write,0.01
633,,,RAID-5,SEQ1M Q8T1 Read,81.531
634,,,RAID-5,SEQ1M Q1T1 Read,35.643
635,,,RAID-5,RND4K Q32T1 Read,1.031
636,,,RAID-5,RND4K Q1T1 Read,0.014
637,,,RAID-5,SEQ1M Q8T1 Write,47.989
638,,,RAID-5,SEQ1M Q1T1 Write,40.636
639,,,RAID-5,RND4K Q32T1 Write,0.514
640,,,RAID-5,RND4K Q1T1 Write,0.009
641,,,RAID-5,SEQ1M Q8T1 Read,73.34
642,,,RAID-5,SEQ1M Q1T1 Read,36.678
643,,,RAID-5,RND4K Q32T1 Read,0.999
644,,,RAID-5,RND4K Q1T1 Read,0.016
645,,,RAID-5,SEQ1M Q8T1 Write,35.222
646,,,RAID-5,SEQ1M Q1T1 Write,38.353
647,,,RAID-5,RND4K Q32T1 Write,0.532
648,,,RAID-5,RND4K Q1T1 Write,0.008
649,,,RAID-5,SEQ1M Q8T1 Read,73.835
650,,,RAID-5,SEQ1M Q1T1 Read,39.008
651,,,RAID-5,RND4K Q32T1 Read,0.95
652,,,RAID-5,RND4K Q1T1 Read,0.01
653,,,RAID-5,SEQ1M Q8T1 Write,47.393
654,,,RAID-5,SEQ1M Q1T1 Write,40.733
655,,,RAID-5,RND4K Q32T1 Write,0.439
656,,,RAID-5,RND4K Q1T1 Write,0.008
657,,,RAID-5,SEQ1M Q8T1 Read,81.531
658,,,RAID-5,SEQ1M Q1T1 Read,35.643
659,,,RAID-5,RND4K Q32T1 Read,1.031
660,,,RAID-5,RND4K Q1T1 Read,0.014
661,,,RAID-5,SEQ1M Q8T1 Write,47.989
662,,,RAID-5,SEQ1M Q1T1 Write,40.636
663,,,RAID-5,RND4K Q32T1 Write,0.514
664,,,RAID-5,RND4K Q1T1 Write,0.009
665,,Prueba-28,RAID-5,SEQ1M Q8T1 Read,83.044
666,,Prueba-28,RAID-5,SEQ1M Q1T1 Read,41.218
667,,Prueba-28,RAID-5,RND4K Q32T1 Read,1.028
668,,Prueba-28,RAID-5,RND4K Q1T1 Read,0.013
669,,Prueba-28,RAID-5,SEQ1M Q8T1 Write,47.839
670,,Prueba-28,RAID-5,SEQ1M Q1T1 Write,40.817
671,,Prueba-28,RAID-5,RND4K Q32T1 Write,0.5
672,,Prueba-28,RAID-5,RND4K Q1T1 Write,0.009
673,11/23/2024,Prueba-1,DISCO-UNICO,SEQ1M Q8T1 Read,131.692
674,11/23/2024,Prueba-1,DISCO-UNICO,SEQ1M Q1T1 Read,121.351
675,11/23/2024,Prueba-1,DISCO-UNICO,RND4K Q32T1 Read,0.506
676,11/23/2024,Prueba-1,DISCO-UNICO,RND4K Q1T1 Read,0.458
677,11/23/2024,Prueba-1,DISCO-UNICO,SEQ1M Q8T1 Write,100.591
678,11/23/2024,Prueba-1,DISCO-UNICO,SEQ1M Q1T1 Write,92.622
679,11/23/2024,Prueba-1,DISCO-UNICO,RND4K Q32T1 Write,1.309
680,11/23/2024,Prueba-1,DISCO-UNICO,RND4K Q1T1 Write,1.31
681,11/23/2024,,DISCO-UNICO,SEQ1M Q8T1 Read,132.77
682,11/23/2024,,DISCO-UNICO,SEQ1M Q1T1 Read,123.677
683,11/23/2024,,DISCO-UNICO,RND4K Q32T1 Read,0.496
684,11/23/2024,,DISCO-UNICO,RND4K Q1T1 Read,0.47
685,11/23/2024,,DISCO-UNICO,SEQ1M Q8T1 Write,99.168
686,11/23/2024,,DISCO-UNICO,SEQ1M Q1T1 Write,100.448
687,11/23/2024,,DISCO-UNICO,RND4K Q32T1 Write,1.288
688,11/23/2024,,DISCO-UNICO,RND4K Q1T1 Write,1.278
689,11/23/2024,,DISCO-UNICO,SEQ1M Q8T1 Read,132.645
690,11/23/2024,,DISCO-UNICO,SEQ1M Q1T1 Read,120.287
691,11/23/2024,,DISCO-UNICO,RND4K Q32T1 Read,0.498
692,11/23/2024,,DISCO-UNICO,RND4K Q1T1 Read,0.461
693,11/23/2024,,DISCO-UNICO,SEQ1M Q8T1 Write,101.598
694,11/23/2024,,DISCO-UNICO,SEQ1M Q1T1 Write,96.658
695,11/23/2024,,DISCO-UNICO,RND4K Q32T1 Write,1.255
696,11/23/2024,,DISCO-UNICO,RND4K Q1T1 Write,1.302
697,11/23/2024,,DISCO-UNICO,SEQ1M Q8T1 Read,132.359
698,11/23/2024,,DISCO-UNICO,SEQ1M Q1T1 Read,121.955
699,11/23/2024,,DISCO-UNICO,RND4K Q32T1 Read,0.505
700,11/23/2024,,DISCO-UNICO,RND4K Q1T1 Read,0.461
701,11/23/2024,,DISCO-UNICO,SEQ1M Q8T1 Write,96.098
702,11/23/2024,,DISCO-UNICO,SEQ1M Q1T1 Write,96.222
703,11/23/2024,,DISCO-UNICO,RND4K Q32T1 Write,1.268
704,11/23/2024,,DISCO-UNICO,RND4K Q1T1 Write,1.255
705,11/23/2024,,DISCO-UNICO,SEQ1M Q8T1 Read,132.473
706,11/23/2024,,DISCO-UNICO,SEQ1M Q1T1 Read,118.524
707,11/23/2024,,DISCO-UNICO,RND4K Q32T1 Read,0.491
708,11/23/2024,,DISCO-UNICO,RND4K Q1T1 Read,0.422
709,11/23/2024,,DISCO-UNICO,SEQ1M Q8T1 Write,101.219
710,11/23/2024,,DISCO-UNICO,SEQ1M Q1T1 Write,96.973
711,11/23/2024,,DISCO-UNICO,RND4K Q32T1 Write,1.244
712,11/23/2024,,DISCO-UNICO,RND4K Q1T1 Write,1.188
713,11/23/2024,,DISCO-UNICO,SEQ1M Q8T1 Read,127.934
714,11/23/2024,,DISCO-UNICO,SEQ1M Q1T1 Read,119.019
715,11/23/2024,,DISCO-UNICO,RND4K Q32T1 Read,0.49
716,11/23/2024,,DISCO-UNICO,RND4K Q1T1 Read,0.435
717,11/23/2024,,DISCO-UNICO,SEQ1M Q8T1 Write,99.168
718,11/23/2024,,DISCO-UNICO,SEQ1M Q1T1 Write,97.415
719,11/23/2024,,DISCO-UNICO,RND4K Q32T1 Write,1.218
720,11/23/2024,,DISCO-UNICO,RND4K Q1T1 Write,1.212
721,11/23/2024,,DISCO-UNICO,SEQ1M Q8T1 Read,129.916
722,11/23/2024,,DISCO-UNICO,SEQ1M Q1T1 Read,118.826
723,11/23/2024,,DISCO-UNICO,RND4K Q32T1 Read,0.511
724,11/23/2024,,DISCO-UNICO,RND4K Q1T1 Read,0.467
725,11/23/2024,,DISCO-UNICO,SEQ1M Q8T1 Write,94.202
726,11/23/2024,,DISCO-UNICO,SEQ1M Q1T1 Write,95.462
727,11/23/2024,,DISCO-UNICO,RND4K Q32T1 Write,1.199
728,11/23/2024,,DISCO-UNICO,RND4K Q1T1 Write,1.315
729,11/23/2024,,DISCO-UNICO,SEQ1M Q8T1 Read,132.77
730,11/23/2024,,DISCO-UNICO,SEQ1M Q1T1 Read,123.677
731,11/23/2024,,DISCO-UNICO,RND4K Q32T1 Read,0.496
732,11/23/2024,,DISCO-UNICO,RND4K Q1T1 Read,0.47
733,11/23/2024,,DISCO-UNICO,SEQ1M Q8T1 Write,99.168
734,11/23/2024,,DISCO-UNICO,SEQ1M Q1T1 Write,100.448
735,11/23/2024,,DISCO-UNICO,RND4K Q32T1 Write,1.288
736,11/23/2024,,DISCO-UNICO,RND4K Q1T1 Write,1.278
737,11/23/2024,,DISCO-UNICO,SEQ1M Q8T1 Read,132.473
738,11/23/2024,,DISCO-UNICO,SEQ1M Q1T1 Read,118.524
739,11/23/2024,,DISCO-UNICO,RND4K Q32T1 Read,0.491
740,11/23/2024,,DISCO-UNICO,RND4K Q1T1 Read,0.422
741,11/23/2024,,DISCO-UNICO,SEQ1M Q8T1 Write,101.219
742,11/23/2024,,DISCO-UNICO,SEQ1M Q1T1 Write,96.973
743,11/23/2024,,DISCO-UNICO,RND4K Q32T1 Write,1.244
744,11/23/2024,,DISCO-UNICO,RND4K Q1T1 Write,1.188
745,11/23/2024,,DISCO-UNICO,SEQ1M Q8T1 Read,129.574
746,11/23/2024,,DISCO-UNICO,SEQ1M Q1T1 Read,119.597
747,11/23/2024,,DISCO-UNICO,RND4K Q32T1 Read,0.503
748,11/23/2024,,DISCO-UNICO,RND4K Q1T1 Read,0.441
749,11/23/2024,,DISCO-UNICO,SEQ1M Q8T1 Write,98.865
750,11/23/2024,,DISCO-UNICO,SEQ1M Q1T1 Write,91.165
751,11/23/2024,,DISCO-UNICO,RND4K Q32T1 Write,1.247
752,11/23/2024,,DISCO-UNICO,RND4K Q1T1 Write,1.236
753,11/23/2024,,DISCO-UNICO,SEQ1M Q8T1 Read,129.748
754,11/23/2024,,DISCO-UNICO,SEQ1M Q1T1 Read,113.548
755,11/23/2024,,DISCO-UNICO,RND4K Q32T1 Read,0.509
756,11/23/2024,,DISCO-UNICO,RND4K Q1T1 Read,0.458
757,11/23/2024,,DISCO-UNICO,SEQ1M Q8T1 Write,92.944
758,11/23/2024,,DISCO-UNICO,SEQ1M Q1T1 Write,95.271
759,11/23/2024,,DISCO-UNICO,RND4K Q32T1 Write,1.229
760,11/23/2024,,DISCO-UNICO,RND4K Q1T1 Write,1.215
761,11/23/2024,Prueba-12,DISCO-UNICO,SEQ1M Q8T1 Read,129.912
762,11/23/2024,Prueba-12,DISCO-UNICO,SEQ1M Q1T1 Read,113.193
763,11/23/2024,Prueba-12,DISCO-UNICO,RND4K Q32T1 Read,0.504
764,11/23/2024,Prueba-12,DISCO-UNICO,RND4K Q1T1 Read,0.454
765,11/23/2024,Prueba-12,DISCO-UNICO,SEQ1M Q8T1 Write,93.328
766,11/23/2024,Prueba-12,DISCO-UNICO,SEQ1M Q1T1 Write,95.167
767,11/23/2024,Prueba-12,DISCO-UNICO,RND4K Q32T1 Write,1.234
768,11/23/2024,Prueba-12,DISCO-UNICO,RND4K Q1T1 Write,1.211
769,11/23/2024,Prueba-13,DISCO-UNICO,SEQ1M Q8T1 Read,129.912
770,11/23/2024,Prueba-13,DISCO-UNICO,SEQ1M Q1T1 Read,113.193
771,11/23/2024,Prueba-13,DISCO-UNICO,RND4K Q32T1 Read,0.504
772,11/23/2024,Prueba-13,DISCO-UNICO,RND4K Q1T1 Read,0.454
773,11/23/2024,Prueba-13,DISCO-UNICO,SEQ1M Q8T1 Write,98.865
774,11/23/2024,Prueba-13,DISCO-UNICO,SEQ1M Q1T1 Write,91.165
775,11/23/2024,Prueba-13,DISCO-UNICO,RND4K Q32T1 Write,1.247
776,11/23/2024,Prueba-13,DISCO-UNICO,RND4K Q1T1 Write,1.236
777,11/23/2024,Prueba-14,DISCO-UNICO,SEQ1M Q8T1 Read,131.473
778,11/23/2024,Prueba-14,DISCO-UNICO,SEQ1M Q1T1 Read,117.524
779,11/23/2024,Prueba-14,DISCO-UNICO,RND4K Q32T1 Read,0.591
780,11/23/2024,Prueba-14,DISCO-UNICO,RND4K Q1T1 Read,0.452
781,11/23/2024,Prueba-14,DISCO-UNICO,SEQ1M Q8T1 Write,101.319
782,11/23/2024,Prueba-14,DISCO-UNICO,SEQ1M Q1T1 Write,96.973
783,11/23/2024,Prueba-14,DISCO-UNICO,RND4K Q32T1 Write,1.274
784,11/23/2024,Prueba-14,DISCO-UNICO,RND4K Q1T1 Write,1.288
785,11/24/2024,,DISCO-UNICO,SEQ1M Q8T1 Read,129.748
786,11/24/2024,,DISCO-UNICO,SEQ1M Q1T1 Read,113.648
787,11/24/2024,,DISCO-UNICO,RND4K Q32T1 Read,0.539
788,11/24/2024,,DISCO-UNICO,RND4K Q1T1 Read,0.458
789,11/24/2024,,DISCO-UNICO,SEQ1M Q8T1 Write,92.964
790,11/24/2024,,DISCO-UNICO,SEQ1M Q1T1 Write,95.271
791,11/24/2024,,DISCO-UNICO,RND4K Q32T1 Write,1.299
792,11/24/2024,,DISCO-UNICO,RND4K Q1T1 Write,1.265
793,11/24/2024,,DISCO-UNICO,SEQ1M Q8T1 Read,129.912
794,11/24/2024,,DISCO-UNICO,SEQ1M Q1T1 Read,113.193
795,11/24/2024,,DISCO-UNICO,RND4K Q32T1 Read,0.504
796,11/24/2024,,DISCO-UNICO,RND4K Q1T1 Read,0.494
797,11/24/2024,,DISCO-UNICO,SEQ1M Q8T1 Write,98.865
798,11/24/2024,,DISCO-UNICO,SEQ1M Q1T1 Write,91.165
799,11/24/2024,,DISCO-UNICO,RND4K Q32T1 Write,1.247
800,11/24/2024,,DISCO-UNICO,RND4K Q1T1 Write,1.236
801,11/24/2024,,DISCO-UNICO,SEQ1M Q8T1 Read,131.473
802,11/24/2024,,DISCO-UNICO,SEQ1M Q1T1 Read,117.524
803,11/24/2024,,DISCO-UNICO,RND4K Q32T1 Read,0.591
804,11/24/2024,,DISCO-UNICO,RND4K Q1T1 Read,0.452
805,11/24/2024,,DISCO-UNICO,SEQ1M Q8T1 Write,101.319
806,11/24/2024,,DISCO-UNICO,SEQ1M Q1T1 Write,96.973
807,11/24/2024,,DISCO-UNICO,RND4K Q32T1 Write,1.274
808,11/24/2024,,DISCO-UNICO,RND4K Q1T1 Write,1.288
809,11/24/2024,,DISCO-UNICO,SEQ1M Q8T1 Read,129.748
810,11/24/2024,,DISCO-UNICO,SEQ1M Q1T1 Read,113.448
811,11/24/2024,,DISCO-UNICO,RND4K Q32T1 Read,0.539
812,11/24/2024,,DISCO-UNICO,RND4K Q1T1 Read,0.658
813,11/24/2024,,DISCO-UNICO,SEQ1M Q8T1 Write,92.964
814,11/24/2024,,DISCO-UNICO,SEQ1M Q1T1 Write,95.271
815,11/24/2024,,DISCO-UNICO,RND4K Q32T1 Write,1.299
816,11/24/2024,,DISCO-UNICO,RND4K Q1T1 Write,1.265
817,11/24/2024,,DISCO-UNICO,SEQ1M Q8T1 Read,129.912
818,11/24/2024,,DISCO-UNICO,SEQ1M Q1T1 Read,113.193
819,11/24/2024,,DISCO-UNICO,RND4K Q32T1 Read,0.504
820,11/24/2024,,DISCO-UNICO,RND4K Q1T1 Read,0.454
821,11/24/2024,,DISCO-UNICO,SEQ1M Q8T1 Write,93.328
822,11/24/2024,,DISCO-UNICO,SEQ1M Q1T1 Write,95.167
823,11/24/2024,,DISCO-UNICO,RND4K Q32T1 Write,1.234
824,11/24/2024,,DISCO-UNICO,RND4K Q1T1 Write,1.211
825,11/24/2024,,DISCO-UNICO,SEQ1M Q8T1 Read,129.912
826,11/24/2024,,DISCO-UNICO,SEQ1M Q1T1 Read,113.193
827,11/24/2024,,DISCO-UNICO,RND4K Q32T1 Read,0.504
828,11/24/2024,,DISCO-UNICO,RND4K Q1T1 Read,0.454
829,11/24/2024,,DISCO-UNICO,SEQ1M Q8T1 Write,98.865
830,11/24/2024,,DISCO-UNICO,SEQ1M Q1T1 Write,91.165
831,11/24/2024,,DISCO-UNICO,RND4K Q32T1 Write,1.247
832,11/24/2024,,DISCO-UNICO,RND4K Q1T1 Write,1.236
833,11/24/2024,,DISCO-UNICO,SEQ1M Q8T1 Read,131.473
834,11/24/2024,,DISCO-UNICO,SEQ1M Q1T1 Read,117.524
835,11/24/2024,,DISCO-UNICO,RND4K Q32T1 Read,0.591
836,11/24/2024,,DISCO-UNICO,RND4K Q1T1 Read,0.452
837,11/24/2024,,DISCO-UNICO,SEQ1M Q8T1 Write,101.319
838,11/24/2024,,DISCO-UNICO,SEQ1M Q1T1 Write,96.973
839,11/24/2024,,DISCO-UNICO,RND4K Q32T1 Write,1.274
840,11/24/2024,,DISCO-UNICO,RND4K Q1T1 Write,1.288
841,11/24/2024,,DISCO-UNICO,SEQ1M Q8T1 Read,129.748
842,11/24/2024,,DISCO-UNICO,SEQ1M Q1T1 Read,113.448
843,11/24/2024,,DISCO-UNICO,RND4K Q32T1 Read,0.539
844,11/24/2024,,DISCO-UNICO,RND4K Q1T1 Read,0.458
845,11/24/2024,,DISCO-UNICO,SEQ1M Q8T1 Write,92.964
846,11/24/2024,,DISCO-UNICO,SEQ1M Q1T1 Write,95.271
847,11/24/2024,,DISCO-UNICO,RND4K Q32T1 Write,1.299
848,11/24/2024,,DISCO-UNICO,RND4K Q1T1 Write,1.265
849,11/24/2024,,DISCO-UNICO,SEQ1M Q8T1 Read,131.473
850,11/24/2024,,DISCO-UNICO,SEQ1M Q1T1 Read,117.524
851,11/24/2024,,DISCO-UNICO,RND4K Q32T1 Read,0.391
852,11/24/2024,,DISCO-UNICO,RND4K Q1T1 Read,0.452
853,11/24/2024,,DISCO-UNICO,SEQ1M Q8T1 Write,101.319
854,11/24/2024,,DISCO-UNICO,SEQ1M Q1T1 Write,96.973
855,11/24/2024,,DISCO-UNICO,RND4K Q32T1 Write,1.274
856,11/24/2024,,DISCO-UNICO,RND4K Q1T1 Write,1.298
857,11/24/2024,,DISCO-UNICO,SEQ1M Q8T1 Read,129.748
858,11/24/2024,,DISCO-UNICO,SEQ1M Q1T1 Read,113.448
859,11/24/2024,,DISCO-UNICO,RND4K Q32T1 Read,0.539
860,11/24/2024,,DISCO-UNICO,RND4K Q1T1 Read,0.458
861,11/24/2024,,DISCO-UNICO,SEQ1M Q8T1 Write,92.934
862,11/24/2024,,DISCO-UNICO,SEQ1M Q1T1 Write,95.271
863,11/24/2024,,DISCO-UNICO,RND4K Q32T1 Write,1.299
864,11/24/2024,,DISCO-UNICO,RND4K Q1T1 Write,1.265
865,11/24/2024,,DISCO-UNICO,SEQ1M Q8T1 Read,129.612
866,11/24/2024,,DISCO-UNICO,SEQ1M Q1T1 Read,113.693
867,11/24/2024,,DISCO-UNICO,RND4K Q32T1 Read,0.504
868,11/24/2024,,DISCO-UNICO,RND4K Q1T1 Read,0.454
869,11/24/2024,,DISCO-UNICO,SEQ1M Q8T1 Write,93.138
870,11/24/2024,,DISCO-UNICO,SEQ1M Q1T1 Write,95.167
871,11/24/2024,,DISCO-UNICO,RND4K Q32T1 Write,1.234
872,11/24/2024,,DISCO-UNICO,RND4K Q1T1 Write,1.211
873,11/24/2024,,DISCO-UNICO,SEQ1M Q8T1 Read,129.912
874,11/24/2024,,DISCO-UNICO,SEQ1M Q1T1 Read,113.193
875,11/24/2024,,DISCO-UNICO,RND4K Q32T1 Read,0.504
876,11/24/2024,,DISCO-UNICO,RND4K Q1T1 Read,0.454
877,11/24/2024,,DISCO-UNICO,SEQ1M Q8T1 Write,98.865
878,11/24/2024,,DISCO-UNICO,SEQ1M Q1T1 Write,91.165
879,11/24/2024,,DISCO-UNICO,RND4K Q32T1 Write,1.247
880,11/24/2024,,DISCO-UNICO,RND4K Q1T1 Write,1.236
881,11/24/2024,,DISCO-UNICO,SEQ1M Q8T1 Read,131.473
882,11/24/2024,,DISCO-UNICO,SEQ1M Q1T1 Read,117.524
883,11/24/2024,,DISCO-UNICO,RND4K Q32T1 Read,0.591
884,11/24/2024,,DISCO-UNICO,RND4K Q1T1 Read,0.452
885,11/24/2024,,DISCO-UNICO,SEQ1M Q8T1 Write,101.319
886,11/24/2024,,DISCO-UNICO,SEQ1M Q1T1 Write,96.773
887,11/24/2024,,DISCO-UNICO,RND4K Q32T1 Write,1.274
888,11/24/2024,,DISCO-UNICO,RND4K Q1T1 Write,1.288
889,11/24/2024,Prueba_28,DISCO-UNICO,SEQ1M Q8T1 Read,129.748
890,11/24/2024,Prueba_28,DISCO-UNICO,SEQ1M Q1T1 Read,113.448
891,11/24/2024,Prueba_28,DISCO-UNICO,RND4K Q32T1 Read,0.539
892,11/24/2024,Prueba_28,DISCO-UNICO,RND4K Q1T1 Read,0.458
893,11/24/2024,Prueba_28,DISCO-UNICO,SEQ1M Q8T1 Write,92.964
894,11/24/2024,Prueba_28,DISCO-UNICO,SEQ1M Q1T1 Write,95.571
895,11/24/2024,Prueba_28,DISCO-UNICO,RND4K Q32T1 Write,1.299
896,11/24/2024,Prueba_28,DISCO-UNICO,RND4K Q1T1 Write,1.265
